{
  "num_turns": 2,
  "use_llm": false,
  "total_seconds": 0.014500599999905717,
  "average_seconds": 0.007250299999952858,
  "min_seconds": 0.005813799999941693,
  "max_seconds": 0.008686799999964023,
  "durations": [
    0.008687,
    0.005814
  ],
  "llm_calls": 0,
  "llm_failures": 0,
  "created_at": "20251123T183818Z"
}